create database QLSIMCssdsTYABC

CREATE TABLE NhanVien 
(
	MaNV char(5) PRIMARY KEY,
	HoNV nvarchar(10),
	TenLot nvarchar(10),
	TenNV nvarchar(10),
	SDT char(10),
	DiaChi nvarchar(100),
	Phai nvarchar(10),
	NgaySinh date,
	Luong money,		
	MaNQL char(5),
	ChucVu nvarchar(50)
)
ALTER TABLE NhanVien 
add  constraint fk_nhanvienquanly foreign key(MaNQL)
references NhanVien(MaNV);

CREATE TABLE NhaCungCap
(
	MaNhaCC char(2)	PRIMARY KEY,
	TenNhaCC nvarchar(50),
	SDT char(10),
	DiaChi nvarchar(100)
)

CREATE TABLE Kho
(
	MaKho char(4) PRIMARY KEY,
	TenKho nvarchar(50),
	DiaChi nvarchar(100)
)

CREATE TABLE SanPham
(
	MaSP char(4) PRIMARY KEY,
	TenSP nvarchar(50),
	GiaBan float,
	MaNhaCC char(2) FOREIGN KEY (MaNhaCC)
		REFERENCES NhaCungCap(MaNhaCC),
	GhiChu nvarchar(50)
)

CREATE TABLE HDXuatKho
( 
	MaHDXK char(7) PRIMARY KEY,
	NgayXuat date,
	MaKho char(4) FOREIGN KEY(MaKho)
		REFERENCES Kho(MaKho),
	MaSP char(4) FOREIGN KEY(MaSP)
		REFERENCES SanPham(MaSP),
	SoLuong float,
	MaNV char(5) FOREIGN KEY (MaNV)
		REFERENCES NhanVien(MaNV)
)

CREATE TABLE HDNhapHang
(
	MaHDN char(6) PRIMARY KEY,
	NgayNhap date,
	MaSP char(4) FOREIGN KEY (MaSP)
		REFERENCES SanPham(MaSP),
	MaNhaCC char(2) FOREIGN KEY (MaNhaCC)
		REFERENCES NhaCungCap(MaNhaCC),
	DonGia money,
	SoLuong float,
	PhuongThucTT nvarchar(20),
	MaNV char(5) FOREIGN KEY (MaNV)
		REFERENCES NhanVien(MaNV)
)
	

CREATE TABLE DSLuuTru
(
	MaKho char (4) Foreign Key (MaKho)
	References Kho (MaKho),
	MaSP char(4) FOREIGN KEY (MaSP)
		REFERENCES SanPham(MaSP),
	NgayNhap date,
	SoLuong float
	Constraint PK_DSLuuTru Primary Key (MaKho, MaSP)
)

CREATE TABLE CTKhuyenMai
(
	MaKM char(5) PRIMARY KEY,
	TenKM nvarchar(50),
	DKApDung nvarchar(300),
	GiaTri nvarchar(30),
	TGApDung nvarchar(30),
	TTUuTien char(1)
)

CREATE TABLE KhachHang
(
	MaKH char(7) PRIMARY KEY,
	TenKH nvarchar(50),
	SDT char(10),
	DiaChi nvarchar(100)
)

CREATE TABLE HDMuaHang
(
	MaHDMH char(8) PRIMARY KEY,
	MaSP char(4) FOREIGN KEY (MaSP)
		REFERENCES SanPham(MaSP),
	SoLuong float,
	DonGia money,
	MaKM char(5) Foreign Key (MaKM)
	REFERENCES CTKhuyenMai(MaKM),
	GiamGia money,
	ThanhTien money,
	NgayTao date,
	HinhThucMH nvarchar(50),
	MaKH char(7) FOREIGN KEY (MaKH)
		REFERENCES KhachHang(MaKH),
	MaNV char(5) FOREIGN KEY (MaNV)
		REFERENCES NhanVien(MaNV),
)

CREATE TABLE BienLai
(
	MaBL char(7) PRIMARY KEY,
	MaKH char(7) FOREIGN KEY(MaKH)
		REFERENCES KhachHang(MAKH),
	SDT char(10),
	MaNV char(5) FOREIGN KEY (MaNV)
		REFERENCES NhanVien(MaNV),
	NgayTao datetime
)	

CREATE TABLE HDGiaoHang
(
	MaVanDon char(7),
	MaBL char(7),
	PRIMARY KEY (MaVanDon, MaBL),
	FOREIGN KEY (MaBL) REFERENCES BienLai,
	NgayGiao date,
	GiaTienCOD money,
	TenKH nvarchar(50),
	DiaChi nvarchar(100)
)
	
--1.Thêm thông tin vào bảng Nhân viên.
INSERT INTO NhanVien VALUES ('NV101',N'Nguyễn',N'Văn',N'Bình','0343998785',N'200 Nguyễn Tri Phương, Phường 5, Quận 10, Hồ Chí Minh',N'Nam',Null,Null,'NV101',N'Kế toán, Quản lý')
INSERT INTO NhanVien VALUES ('NV102',N'Trương',N'Thanh',N'Thảo','0864752946',N'52 Thành Thái, Phường 14, Quận 10, Hồ Chí Minh',N'Nữ',Null,Null,'NV101',N'Thủ kho')
INSERT INTO NhanVien VALUES ('NV103',N'Mai',N'Văn',N'An','0838284962',N'15 Đặng Văn Ngữ, Phường 14, Quận Phú Nhuận, Hồ Chí Minh',N'Nam',Null,Null,'NV101',N'Nhân viên bán hàng tại quầy')
INSERT INTO NhanVien VALUES ('NV104',N'Lê',N'Thanh',N'Thúy','0983736424',N'4 Phạm Văn Chí, Phường 1, Quận 6, Hồ Chí Minh',N'Nữ',Null,Null,'NV101',N'Nhân viên bán hàng Online')
--Cập nhật thông tin bảng Nhân viên.
update NhanVien set Luong='10000000', NgaySinh='1997-05-02' where MaNV='NV101';
update NhanVien set Luong='9000000', NgaySinh='2000-07-23' where MaNV='NV102';
update NhanVien set Luong='7500000', NgaySinh='2001-06-15' where MaNV='NV103';
update NhanVien set Luong='7500000', NgaySinh='2000-05-12' where MaNV='NV104';

--2.Thêm thông tin vào bảng Nhà cung cấp.
INSERT INTO NhaCungCap VALUES ('VT','Viettel Store','0342749766',Null)
INSERT INTO NhaCungCap VALUES ('MB','MobiFone','0834829037',Null)
INSERT INTO NhaCungCap VALUES ('VB','Vietnamobile','0824027406',Null)
INSERT INTO NhaCungCap VALUES ('VN','Vinaphone','0973473303',Null)
INSERT INTO NhaCungCap VALUES ('TK','TongKhoSim','0912767676',Null)
--Cập nhật thông tin bảng NhaCungCap.
update NhaCungCap set DiaChi=N'43 Nguyễn Cư Trinh, Quận 1, TP HCM' where MaNhaCC='VT'
update NhaCungCap set DiaChi=N'34 Tôn Đản, Quận 4, TP HCM' where MaNhaCC='MB'
update NhaCungCap set DiaChi=N'49 Trần Hưng Đạo, Quận 5, TP HCM' where MaNhaCC='VB'
update NhaCungCap set DiaChi=N'224 Hồng Bàng, Quận 5, TP HCM' where MaNhaCC='VN'
update NhaCungCap set DiaChi=N'409 Võ Văn Tần, P 5, Quận 3, Tp.HCM' where MaNhaCC='TK'

--3.Thêm thông tin vào bảng Kho.
INSERT INTO Kho VALUES ('VT01','Viettel Store',N'43 Nguyễn Cư Trinh, Quận 1, TP HCM')
INSERT INTO Kho VALUES ('MB01','MobiFone',N'34 Tôn Đản, Quận 4, TP HCM')
INSERT INTO Kho VALUES ('VB01','Vietnamobile',N'49 Trần Hưng Đạo, Quận 5, TP HCM')
INSERT INTO Kho VALUES ('VN01','Vinaphone',N'224 Hồng Bàng, Quận 5, TP HCM')
INSERT INTO Kho VALUES ('TK01','TongKhoSim',N'409 Võ Văn Tần, P 5, Quận 3, Tp.HCM')

--4.Thêm thông tin vào bảng Sản phẩm.
INSERT INTO SanPham VALUES ('VT21',N'Sim Viettel - Giá rẻ',50000,'VT',N'Hoa hồng 20%')
INSERT INTO SanPham VALUES ('VT23',N'Sim 4G Viettel - V120 Plus',270000,'VT',N'Hoa hồng 20%')
INSERT INTO SanPham VALUES ('VT25',N'Sim 4G Viettel - Umax50N',60000,'VT',N'Hoa hồng 20%')
INSERT INTO SanPham VALUES ('VT26',N'Sim Trendy Viettel',110000,'VT',N'Hoa hồng 20%')
INSERT INTO SanPham VALUES ('TK91',N'Sim Viettel số đẹp - Tứ quý',25000000,'TK',N'Hoa hồng 50%')
INSERT INTO SanPham VALUES ('TK92',N'Sim Viettel số đẹp - Tam hoa',5000000,'TK',N'Hoa hồng 50%')
INSERT INTO SanPham VALUES ('VN51',N'Sim Vina - Giá rẻ',46000,'VN',N'Hoa hồng 20%')
INSERT INTO SanPham VALUES ('VN53',N'Sim 4G Vina',250000,'VN',N'Hoa hồng 20%')
INSERT INTO SanPham VALUES ('VN55',N'Sim 4G Vina - Bùm',500000,'VN',N'Hoa hồng 20%')
INSERT INTO SanPham VALUES ('VN56',N'Sim Vina - Bánh mì',50000,'VN',N'Hoa hồng 20%')
INSERT INTO SanPham VALUES ('TK93',N'Sim Vina số đẹp - Tứ Quý',22000000,'TK',N'Hoa hồng 50%')
INSERT INTO SanPham VALUES ('TK94',N'Sim Vina số đẹp - Tam Hoa',4200000,'TK',N'Hoa hồng 50%')
INSERT INTO SanPham VALUES ('MB31',N'Sim Mobi - Giá rẻ',40000,'MB',N'Hoa hồng 20%')
INSERT INTO SanPham VALUES ('MB32',N'Sim 4G Mobi - C90N',290000,'MB',N'Hoa hồng 20%')
INSERT INTO SanPham VALUES ('MB33',N'Sim 4G Mobi - FD60',170000,'MB',N'Hoa hồng 20%')
INSERT INTO SanPham VALUES ('MB34',N'Sim Mobi - Bông lúa',60000,'MB',N'Hoa hồng 20%')
INSERT INTO SanPham VALUES ('TK95',N'Sim Mobi số đẹp - Tứ Quý',18500000,'TK',N'Hoa hồng 50%')
INSERT INTO SanPham VALUES ('TK96',N'Sim Mobi số đẹp - Tam hoa',3000000,'TK',N'Hoa hồng 50%')
INSERT INTO SanPham VALUES ('VB62',N'Sim Thánh Gióng',90000,'VB',N'Hoa hồng 20%')
INSERT INTO SanPham VALUES ('VB64',N'Sim Phát Lộc 86',230000,'VB',N'Hoa hồng 20%')

--5. Thêm thông tin vào bảng Danh sách lưu trữ.
INSERT INTO DSLuuTru VALUES ('VT01','VT21','2022-04-30',400)
INSERT INTO DSLuuTru VALUES ('VT01','VT23','2022-04-30',300)
INSERT INTO DSLuuTru VALUES ('VT01','VT25','2022-04-30',300)
INSERT INTO DSLuuTru VALUES ('VT01','VT26','2022-04-30',200)
INSERT INTO DSLuuTru VALUES ('TK01','TK91','2022-04-30',15)
INSERT INTO DSLuuTru VALUES ('TK01','TK92','2022-04-30',25)
INSERT INTO DSLuuTru VALUES ('VN01','VN51','2022-04-30',400)
INSERT INTO DSLuuTru VALUES ('VN01','VN53','2022-04-30',300)
INSERT INTO DSLuuTru VALUES ('VN01','VN55','2022-04-30',300)
INSERT INTO DSLuuTru VALUES ('VN01','VN56','2022-04-30',200)
INSERT INTO DSLuuTru VALUES ('TK01','TK93','2022-04-30',15)
INSERT INTO DSLuuTru VALUES ('TK01','TK94','2022-04-30',25)
INSERT INTO DSLuuTru VALUES ('MB01','MB31','2022-04-30',400)
INSERT INTO DSLuuTru VALUES ('MB01','MB32','2022-04-30',300)
INSERT INTO DSLuuTru VALUES ('MB01','MB33','2022-04-30',300)
INSERT INTO DSLuuTru VALUES ('MB01','MB34','2022-04-30',200)
INSERT INTO DSLuuTru VALUES ('TK01','TK95','2022-04-30',15)
INSERT INTO DSLuuTru VALUES ('TK01','TK96','2022-04-30',25)
INSERT INTO DSLuuTru VALUES ('VB01','VB62','2022-04-30',400)
INSERT INTO DSLuuTru VALUES ('VB01','VB64','2022-04-30',400)
--Cập nhật thông tin danh sách lưu trữ.
alter table DSLuuTru
add TonKhoT7 float null;
update DSLuuTru set TonKhoT7=124 where MaSP='VT21'
update DSLuuTru set TonKhoT7=76 where MaSP='VT23'
update DSLuuTru set TonKhoT7=76 where MaSP='VT25'
update DSLuuTru set TonKhoT7=39 where MaSP='VT26'
update DSLuuTru set TonKhoT7=4 where MaSP='TK91'
update DSLuuTru set TonKhoT7=6 where MaSP='TK92'
update DSLuuTru set TonKhoT7=91 where MaSP='VN51'
update DSLuuTru set TonKhoT7=68 where MaSP='VN53'
update DSLuuTru set TonKhoT7=61 where MaSP='VN55'
update DSLuuTru set TonKhoT7=52 where MaSP='VN56'
update DSLuuTru set TonKhoT7=3 where MaSP='TK93'
update DSLuuTru set TonKhoT7=7 where MaSP='TK94'
update DSLuuTru set TonKhoT7=109 where MaSP='MB31'
update DSLuuTru set TonKhoT7=65 where MaSP='MB32'
update DSLuuTru set TonKhoT7=42 where MaSP='MB33'
update DSLuuTru set TonKhoT7=26 where MaSP='MB34'
update DSLuuTru set TonKhoT7=3 where MaSP='TK95'
update DSLuuTru set TonKhoT7=5 where MaSP='TK96'
update DSLuuTru set TonKhoT7=99 where MaSP='VB62'
update DSLuuTru set TonKhoT7=84 where MaSP='VB64'

--6.Thêm thông tin vào bảng Hóa đơn xuất kho.
INSERT INTO HDXuatKho VALUES ('V3-1532','2022-08-01','VT01','VT23',20,'NV102')
INSERT INTO HDXuatKho VALUES ('T2-0282','2022-08-02','TK01','TK92',1,'NV102')
INSERT INTO HDXuatKho VALUES ('N5-5215','2022-08-02','VN01','VN55',20,'NV102')
INSERT INTO HDXuatKho VALUES ('M1-4812','2022-08-02','MB01','MB31',50,'NV102')
INSERT INTO HDXuatKho VALUES ('N3-5481','2022-08-03','VN01','VN53',10,'NV102')
INSERT INTO HDXuatKho VALUES ('T5-8431','2022-08-03','TK01','TK95',2,'NV102')
INSERT INTO HDXuatKho VALUES ('T1-2187','2022-08-03','TK01','TK91',1,'NV102')
INSERT INTO HDXuatKho VALUES ('V5-0375','2022-08-03','VT01','VT25',30,'NV102')
INSERT INTO HDXuatKho VALUES ('N3-0582','2022-08-05','VN01','VN53',10,'NV102')
INSERT INTO HDXuatKho VALUES ('T2-0682','2022-08-06','TK01','TK92',2,'NV102')
INSERT INTO HDXuatKho VALUES ('V5-0482','2022-08-07','VT01','VT25',20,'NV102')
INSERT INTO HDXuatKho VALUES ('N6-7182','2022-08-07','VN01','VN56',20,'NV102')
INSERT INTO HDXuatKho VALUES ('M3-0742','2022-08-07','MB01','MB33',20,'NV102')
INSERT INTO HDXuatKho VALUES ('T6-0102','2022-08-08','TK01','TK96',2,'NV102')
INSERT INTO HDXuatKho VALUES ('T4-0842','2022-08-08','TK01','TK94',3,'NV102')
INSERT INTO HDXuatKho VALUES ('V1-9082','2022-08-09','VT01','VT21',50,'NV102')
INSERT INTO HDXuatKho VALUES ('V4-1422','2022-08-10','VB01','VB64',20,'NV102')
INSERT INTO HDXuatKho VALUES ('N1-1184','2022-08-11','VN01','VN51',40,'NV102')
INSERT INTO HDXuatKho VALUES ('V1-1122','2022-08-12','VT01','VT21',30,'NV102')
INSERT INTO HDXuatKho VALUES ('N3-1175','2022-08-12','VN01','VN53',10,'NV102')
INSERT INTO HDXuatKho VALUES ('M2-1213','2022-08-12','MB01','MB32',10,'NV102')
INSERT INTO HDXuatKho VALUES ('M2-1215','2022-08-12','MB01','MB32',10,'NV102')
INSERT INTO HDXuatKho VALUES ('M4-1284','2022-08-12','MB01','MB34',30,'NV102')
INSERT INTO HDXuatKho VALUES ('T4-4123','2022-08-13','TK01','TK94',2,'NV102')
INSERT INTO HDXuatKho VALUES ('V2-6412','2022-08-14','VB01','VB62',40,'NV102')
INSERT INTO HDXuatKho VALUES ('M2-1531','2022-08-15','MB01','MB32',10,'NV102')
INSERT INTO HDXuatKho VALUES ('T3-9515','2022-08-15','TK01','TK93',1,'NV102')
INSERT INTO HDXuatKho VALUES ('V6-4813','2022-08-15','VT01','VT26',10,'NV102')
INSERT INTO HDXuatKho VALUES ('T6-4132','2022-08-16','TK01','TK96',1,'NV102')
INSERT INTO HDXuatKho VALUES ('N6-1354','2022-08-16','VN01','VN56',10,'NV102')
INSERT INTO HDXuatKho VALUES ('N3-6582','2022-08-17','VN01','VN53',10,'NV102')
INSERT INTO HDXuatKho VALUES ('V4-3121','2022-08-18','VB01','VB64',10,'NV102')
INSERT INTO HDXuatKho VALUES ('T2-8435','2022-08-18','TK01','TK92',2,'NV102')
INSERT INTO HDXuatKho VALUES ('V3-1835','2022-08-18','VT01','VT23',10,'NV102')
INSERT INTO HDXuatKho VALUES ('N1-9613','2022-08-19','VN01','VN51',40,'NV102')
INSERT INTO HDXuatKho VALUES ('M4-6131','2022-08-19','MB01','MB34',10,'NV102')
INSERT INTO HDXuatKho VALUES ('V6-6155','2022-08-19','VT01','VT26',20,'NV102')
INSERT INTO HDXuatKho VALUES ('V5-1235','2022-08-19','VT01','VT25',10,'NV102')
INSERT INTO HDXuatKho VALUES ('M2-8453','2022-08-21','MB01','MB32',10,'NV102')
INSERT INTO HDXuatKho VALUES ('N5-4312','2022-08-21','VN01','VN55',20,'NV102')
INSERT INTO HDXuatKho VALUES ('T3-2246','2022-08-22','TK01','TK93',1,'NV102')
INSERT INTO HDXuatKho VALUES ('V5-1813','2022-08-22','VT01','VT25',10,'NV102')
INSERT INTO HDXuatKho VALUES ('V2-6532','2022-08-22','VB01','VB62',20,'NV102')
INSERT INTO HDXuatKho VALUES ('V4-3541','2022-08-23','VB01','VB64',20,'NV102')
INSERT INTO HDXuatKho VALUES ('V6-8453','2022-08-24','VT01','VT26',10,'NV102')
INSERT INTO HDXuatKho VALUES ('V3-9525','2022-08-23','VT01','VT23',20,'NV102')
INSERT INTO HDXuatKho VALUES ('M3-7513','2022-08-23','MB01','MB33',10,'NV102')
INSERT INTO HDXuatKho VALUES ('V4-6843','2022-08-24','VB01','VB64',10,'NV102')
INSERT INTO HDXuatKho VALUES ('T1-6845','2022-08-25','TK01','TK91',2,'NV102')
INSERT INTO HDXuatKho VALUES ('N5-8453','2022-08-26','VN01','VN55',10,'NV102')
INSERT INTO HDXuatKho VALUES ('V1-1248','2022-08-26','VT01','VT21',30,'NV102')
INSERT INTO HDXuatKho VALUES ('V4-8453','2022-08-27','VB01','VB64',10,'NV102')
INSERT INTO HDXuatKho VALUES ('T5-2153','2022-08-28','TK01','TK95',1,'NV102')
INSERT INTO HDXuatKho VALUES ('V3-8524','2022-08-29','VT01','VT23',10,'NV102')
INSERT INTO HDXuatKho VALUES ('V2-5328','2022-08-29','VB01','VB62',30,'NV102')
INSERT INTO HDXuatKho VALUES ('N5-7542','2022-08-29','VN01','VN55',10,'NV102')
INSERT INTO HDXuatKho VALUES ('M1-8453','2022-08-30','MB01','MB31',50,'NV102')
INSERT INTO HDXuatKho VALUES ('N3-9548','2022-08-31','VN01','VN53',20,'NV102')
INSERT INTO HDXuatKho VALUES ('M2-3647','2022-08-31','MB01','MB32',10,'NV102')
INSERT INTO HDXuatKho VALUES ('N5-7535','2022-08-31','VN01','VN55',10,'NV102')

--7.Thêm thông tin vào bảng Hóa đơn nhập hàng.
INSERT INTO HDNhapHang VALUES (253219,'2022-08-30','VT21','VT',50000,300,N'Chuyển khoản','NV102')
INSERT INTO HDNhapHang VALUES (259221,'2022-08-30','VT23','VT',270000,300,N'Chuyển khoản','NV102')
INSERT INTO HDNhapHang VALUES (254783,'2022-08-30','VT25','VT',60000,300,N'Chuyển khoản','NV102')
INSERT INTO HDNhapHang VALUES (258349,'2022-08-30','VT26','VT',110000,200,N'Chuyển khoản','NV102')
INSERT INTO HDNhapHang VALUES (589217,'2022-08-30','VN51','VN',46000,300,N'Chuyển khoản','NV102')
INSERT INTO HDNhapHang VALUES (540000,'2022-08-30','VN53','VN',250000,300,N'Chuyển khoản','NV102')
INSERT INTO HDNhapHang VALUES (581846,'2022-08-30','VN55','VN',500000,300,N'Chuyển khoản','NV102')
INSERT INTO HDNhapHang VALUES (553120,'2022-08-30','VN56','VN',50000,200,N'Chuyển khoản','NV102')
INSERT INTO HDNhapHang VALUES (359790,'2022-08-30','MB31','MB',40000,300,N'Chuyển khoản','NV102')
INSERT INTO HDNhapHang VALUES (320663,'2022-08-30','MB32','MB',290000,300,N'Chuyển khoản','NV102')
INSERT INTO HDNhapHang VALUES (354937,'2022-08-30','MB33','MB',170000,300,N'Chuyển khoản','NV102')
INSERT INTO HDNhapHang VALUES (384548,'2022-08-30','MB34','MB',60000,200,N'Chuyển khoản','NV102')
INSERT INTO HDNhapHang VALUES (654595,'2022-08-30','VB62','VB',90000,300,N'Chuyển khoản','NV102')
INSERT INTO HDNhapHang VALUES (685494,'2022-08-30','VB64','VB',230000,300,N'Chuyển khoản','NV102')
INSERT INTO HDNhapHang VALUES (993454,'2022-08-30','TK91','TK',17200000,15,N'Chuyển khoản','NV102')
INSERT INTO HDNhapHang VALUES (994215,'2022-08-31','TK92','TK',3000000,25,N'Chuyển khoản','NV102')
INSERT INTO HDNhapHang VALUES (994545,'2022-08-31','TK93','TK',14000000,15,N'Chuyển khoản','NV102')
INSERT INTO HDNhapHang VALUES (993288,'2022-08-31','TK94','TK',2500000,25,N'Chuyển khoản','NV102')
INSERT INTO HDNhapHang VALUES (994543,'2022-08-31','TK95','TK',11500000,15,N'Chuyển khoản','NV102')
INSERT INTO HDNhapHang VALUES (997821,'2022-08-31','TK96','TK',1800000,25,N'Chuyển khoản','NV102')

--8. Thêm thông tin vào bảng Chương trình khuyến mãi.
INSERT INTO CTKhuyenMai VALUES ('MTGL5',N'Mua To Giảm  Lớn',N'Hóa đơn từ 5.000.000đ trở lên (Không cộng dồn mã KM khác)',N'Giảm 5% giá trị đơn hàng',N'Quý II','1')
INSERT INTO CTKhuyenMai VALUES ('XKGR3',N'Mua Sỉ Giá Rẻ',N'Đơn hàng trên 30 số lượng sản phẩm',N'Giảm 5% giá trị đơn hàng',N'Quý II','2')
INSERT INTO CTKhuyenMai VALUES ('(NOT)','','','','','')


--9. Thêm thông tin vào bảng KhachHang.
INSERT INTO KhachHang VALUES (3489484,N'Anh Duyên Nương','0343997252',N'235 Nguyễn Tri Phương, Phường 5, Quận 10, Hồ Chí Minh')
INSERT INTO KhachHang VALUES (4482643,N'Âu Dương Diệu Ngọc','0988877564',N'15 Đặng Văn Ngữ, Phường Chí Thanh, Thừa Thiên Huế')
INSERT INTO KhachHang VALUES (4495467,N'Nguyễn Thị Phương Chinh','0775544122',N'09 Tôn Thất Thuyết, Phường 18, Quận 4, Hồ Chí Minh')
INSERT INTO KhachHang VALUES (2453467,N'Nguyễn Đình Toàn','0825555555',N'184/4 Đặng Văn Ngữ, Phường 14, Quận Thành Thái, Vinh, Nghệ An')
INSERT INTO KhachHang VALUES (3806033,N'Chử Hồng Phương','0765454351',N'Lê Văn Sỹ, Phường 14, Quận Phú Nhuận, Hồ Chí Minh')
INSERT INTO KhachHang VALUES (6554920,N'Chương Chiến Thắng','0875564287',N'75 Đặng Văn Ngữ, Phường 14, Quận Phú Nhuận, Hồ Chí Minh')
INSERT INTO KhachHang VALUES (2140846,N'Cù Hữu Bảo','0876575643',N'Nguyễn Thần Hiến, Phường 18, Quận 4, Hồ Chí Minh')
INSERT INTO KhachHang VALUES (5775202,N'Đàm Minh Khang','0963735812',N'Đường số 63, Phường Tân Quy, Quận 7, Hồ Chí Minh')
INSERT INTO KhachHang VALUES (5122143,N'Hồ Diễm Hạnh','0848786367',N'Đường số 4, Phường 16, Quận 8, Hồ Chí Minh')
INSERT INTO KhachHang VALUES (6061169,N'Khiếu Duyên My','0973753748',N'660 Đoàn Văn Bơ, Phường 18, Quận 4, Hồ Chí Minh')
INSERT INTO KhachHang VALUES (6566556,N'Lộc Đỉnh Ký','0946564245',N'67 Thành Thái, Phường 9, Quận 10, Hồ Chí Minh')
INSERT INTO KhachHang VALUES (4992392,N'Kiểu Quốc Hòa','0877563426',N'7 Thành Thái, Phường 14, Quận 10, Hồ Chí Minh')
INSERT INTO KhachHang VALUES (2214639,N'Lạc Thanh Toàn','0865272514',N'56 Thành Thái, Phường 14, Quận 10, Hồ Chí Minh')
INSERT INTO KhachHang VALUES (3351323,N'Lăng Cẩm Liên','0345271682',N'Nguyễn Tất Thành, Phường 18, Quận 10, Hồ Chí Minh')
INSERT INTO KhachHang VALUES (4985482,N'Lỗ Đan Linh','0342681828',N'45 Lê Văn Sỹ, Phường 14, Quận Phú Nhuận, Hồ Chí Minh')
INSERT INTO KhachHang VALUES (2645706,N'Mã Phúc Cường','0987372378',N'34 Đoàn Văn Bơ, Phường 18, Quận 4, Hồ Chí Minh')
INSERT INTO KhachHang VALUES (3282176,N'Trần Quốc Tuấn','0982775728',N'Tôn Thất Thuyết, Phường 18, Quận 4, Hồ Chí Minh')
INSERT INTO KhachHang VALUES (6135097,N'Mâu Chi Mai','0348269497',N'35 Thành Thái, Phường 14, Quận 10, Hồ Chí Minh')
INSERT INTO KhachHang VALUES (2707660,N'Mộc Minh Thiện','0972848382',N'Nguyễn Thần Hiến, Phường Lục Châu, Thừa Thiên Huế')
INSERT INTO KhachHang VALUES (2740388,N'Cao Bá Quát','0972774723',N'Thành Thái, Phường 14, Quận 10, Hồ Chí Minh')
INSERT INTO KhachHang VALUES (4321601,N'Nguyễn Đình Thi','0884276462',N'122/08 Phạm Văn Chí, Phường 1, TP. Vũng Tàu, Bà Rịa - Vũng Tàu')
INSERT INTO KhachHang VALUES (3797043,N'Thào Mậu Xuân','0973745284',N'Nguyễn Tri Phương, Phường 5, Quận 10, Hồ Chí Minh')
INSERT INTO KhachHang VALUES (2683258,N'Tông Khắc Thành','0372837483',N'312 Nguyễn Tất Thành, Phường 18, Quận 10, Hồ Chí Minh')
INSERT INTO KhachHang VALUES (5464097,N'Trương Tam Phong','0943346565',N'23 Nguyễn Văn Linh, Bình Chánh, Hồ Chí Minh')
INSERT INTO KhachHang VALUES (6251594,N'Huyện Thanh Quan','0877625942',N'105 Lê Văn Sỹ, Phường 11, TP. Vũng Tàu, Bà Rịa - Vũng Tàu')
INSERT INTO KhachHang VALUES (4524521,N'Nguyễn Đình Thi','0973783823',N'Đoàn Văn Bơ, Phường 18, Quận 4, Hồ Chí Minh')
INSERT INTO KhachHang VALUES (2688185,N'Vi Minh Phượng','0837423828',N'Đường số 53, Phường Tân Quy, Quận 7, Hồ Chí Minh')
INSERT INTO KhachHang VALUES (3678943,N'Văn Chí Sơn','0825546578',N'43 Nguyễn Tri Phương, Phường 9, Quận 10, Hồ Chí Minh')
INSERT INTO KhachHang VALUES (4922320,N'Nguyễn Đình Phong','0915964585',N'43-45 Nguyễn Chí Thanh, Phường 9, Quân 5, Hồ Chí Minh')
INSERT INTO KhachHang VALUES (4098289,N'Châu Nhuân Phát','0325685755',N'657 Sư Vạn Hạnh, Phường 6, Quận 10, Hồ Chí Minh')
INSERT INTO KhachHang VALUES (4189195,N'Doãn Tú Uyên','0555547156',N'487/35/25 Đường Huỳnh Tấn Phát, Phường Tân Thuận Đông, Quận 7, Hồ Chí Minh')
INSERT INTO KhachHang VALUES (6270537,N'Thi Cao Phong','0855555442',N'311 Nguyễn Thiện Thuật, Phường 1, Quận 3, Hồ Chí Minh')
INSERT INTO KhachHang VALUES (4625094,N'Đỗ Hữu Vĩnh','0755552203',N'667 Đường Đoàn Văn Bơ, Phường 18, Quận 4, Hà Nội')
INSERT INTO KhachHang VALUES (8674579,N'Quỳnh Ngọc Văn','0384343455',N'543 Võ Thị Sáu, Phường 8, Quận 12, Hồ Chí Minh')
INSERT INTO KhachHang VALUES (7657094,N'Nguyễn Ái Nhân','0912345432',N'232 Đoàn Thị Điểm, Phường 9, Quận 1, Hồ Chí Minh')
INSERT INTO KhachHang VALUES (4125612,N'Huỳnh Diễm Thư','0855550499',N'112 Đường Nguyễn Tất Thành, Phường 18, Hà Nội')
INSERT INTO KhachHang VALUES (4570457,N'Quách Chính Thuận','0555508246',N'533/79 Đường Huỳnh Văn Bánh, Phường 14, Quận Phú Nhuận, Hồ Chí Minh')
INSERT INTO KhachHang VALUES (2807704,N'Quân Tiêu Dao','0555525539',N'Đường 10, Phường Tân Thuận Đông, Vinh, Nghệ An')
INSERT INTO KhachHang VALUES (3894803,N'Trương Tam Phong','0955541989',N'Đường Nguyễn Tất Thành, Phường 18, Quận 4, Hồ Chí Minh')
INSERT INTO KhachHang VALUES (7683455,N'Trương Thái Úy','0915124454',N'43 Nguyễn Chí Thanh, Thành Phố Hà Tĩnh, Tỉnh Hà Tĩnh')
INSERT INTO KhachHang VALUES (2546576,N'Tần Thủy Quốc','0915454523',N'32 Tô Hiến Thành, Khu đô thị mới Quận 12, Hà Nội')
INSERT INTO KhachHang VALUES (6094273,N'Nguyễn Bảo Huy','0955557958',N'671/7 Đường Đoàn Văn Bơ, Phường 18, Quận 4, Hồ Chí Minh')
INSERT INTO KhachHang VALUES (4216589,N'Chu Thị Thảo','0855530139',N'452/8 Đường Huỳnh Văn Bánh, Phường 14, Hà Nội')
INSERT INTO KhachHang VALUES (4345778,N'Trần Bảo Quốc','0354345454',N'32/3/4 Đường Võ Thị Sáu, Phường 9, Quận 2, Hồ Chí Minh ')
INSERT INTO KhachHang VALUES (7656325,N'Nguyễn Ngọc Nam','0915335454',N'32 Thị Trấn Thùy Châu, Quận 2, Quảng Trị')
INSERT INTO KhachHang VALUES (5509355,N'Phạm Ái Quốc','0824579453',N'Phố Nguyễn Thiện Thuật, Phường 1, Quận 3, Hồ Chí Minh')
INSERT INTO KhachHang VALUES (3482309,N'Ngô Bảo Châu','0915456731',N'71 Đường số 53, Phường Tân Quy, Quận 7, Hồ Chí Minh')
INSERT INTO KhachHang VALUES (6309668,N'Phạm Thị Liên','0884564432',N'23 Phố Nguyễn Thiện Thuật, Phường 1, Bình Dương')
INSERT INTO KhachHang VALUES (4800091,N'Đào Thị Xuân Lộc','0824578953',N'13A Đường Tôn Thất Thuyết, Phường 18, Vinh, Nghệ An')
INSERT INTO KhachHang VALUES (4568787,N'Phan Châu Thi','0984243544',N'32 Đường Phan Đình Phùng, Phường 5, Quảng Ngãi')
INSERT INTO KhachHang VALUES (2352465,N'Nguyễn Trần Bảo Quốc','0943345458',N'23 Nguyễn Chí Thanh, Phường 9, Quận 5, Hồ Chí Minh')

--10. Cập nhật thông tin vào bảng Hóa đơn mua hàng.
INSERT INTO HDMuaHang VALUES (30018670,'VT23',20,270000,'MTGL5',270000,5130000,'2022-08-01',N'Trực tiếp',3489484,'NV103')
INSERT INTO HDMuaHang VALUES (47054212,'TK92',1,5000000,'(NOT)',0,5000000,'2022-08-02',N'Đặt hàng Online',4482643,'NV104')
INSERT INTO HDMuaHang VALUES (63679282,'VN55',20,500000,'MTGL5',500000,9500000,'2022-08-02',N'Trực tiếp',4495467,'NV103')
INSERT INTO HDMuaHang VALUES (44930298,'MB31',50,40000,'XKGR3',100000,1900000,'2022-08-02',N'Đặt hàng Online',2453467,'NV104')
INSERT INTO HDMuaHang VALUES (51454357,'VN53',10,250000,'(NOT)',0,2500000,'2022-08-03',N'Đặt hàng Online',3806033,'NV104')
INSERT INTO HDMuaHang VALUES (52881999,'TK95',2,18500000,'MTGL5',1850000,35150000,'2022-08-03',N'Trực tiếp',6554920,'NV103')
INSERT INTO HDMuaHang VALUES (31377104,'TK91',1,25000000,'MTGL5',1250000,23750000,'2022-08-03',N'Đặt hàng Online',4482643,'NV104')
INSERT INTO HDMuaHang VALUES (41638235,'VT25',30,60000,'(NOT)',0,1800000,'2022-08-03',N'Trực tiếp',2140846,'NV103')
INSERT INTO HDMuaHang VALUES (52051360,'VN53',10,250000,'(NOT)',0,2500000,'2022-08-05',N'Đặt hàng Online',2140846,'NV104')
INSERT INTO HDMuaHang VALUES (39479192,'TK92',2,5000000,'MTGL5',500000,9500000,'2022-08-06',N'Đặt hàng Online',5775202,'NV104')
INSERT INTO HDMuaHang VALUES (36508255,'VT25',20,60000,'(NOT)',0,1200000,'2022-08-07',N'Trực tiếp',3489484,'NV103')
INSERT INTO HDMuaHang VALUES (33354242,'VN56',20,50000,'(NOT)',0,1000000,'2022-08-07',N'Đặt hàng Online',5122143,'NV104')
INSERT INTO HDMuaHang VALUES (53426604,'MB33',20,170000,'(NOT)',0,3400000,'2022-08-07',N'Trực tiếp',6061169,'NV103')
INSERT INTO HDMuaHang VALUES (27543004,'TK96',2,3000000,'MTGL5',300000,5700000,'2022-08-08',N'Đặt hàng Online',5775202,'NV104')
INSERT INTO HDMuaHang VALUES (28825038,'TK94',3,4200000,'MTGL5',630000,11970000,'2022-08-08',N'Trực tiếp',6566556,'NV103')
INSERT INTO HDMuaHang VALUES (45245412,'VT21',50,50000,'XKGR3',125000,2375000,'2022-08-09',N'Đặt hàng Online',4992392,'NV104')
INSERT INTO HDMuaHang VALUES (39760527,'VB64',20,230000,'(NOT)',0,4600000,'2022-08-10',N'Đặt hàng Online',2214639,'NV104')
INSERT INTO HDMuaHang VALUES (66547965,'VN51',40,46000,'XKGR3',92000,1748000,'2022-08-11',N'Trực tiếp',3351323,'NV103')
INSERT INTO HDMuaHang VALUES (60065418,'VT21',30,50000,'(NOT)',0,1500000,'2022-08-12',N'Đặt hàng Online',4985482,'NV104')
INSERT INTO HDMuaHang VALUES (23667632,'VN53',10,250000,'(NOT)',0,2500000,'2022-08-12',N'Trực tiếp',2645706,'NV103')
INSERT INTO HDMuaHang VALUES (49846780,'MB32',10,290000,'(NOT)',0,2900000,'2022-08-12',N'Trực tiếp',3282176,'NV103')
INSERT INTO HDMuaHang VALUES (55814194,'MB32',10,290000,'(NOT)',0,2900000,'2022-08-12',N'Đặt hàng Online',6554920,'NV104')
INSERT INTO HDMuaHang VALUES (49750466,'MB34',30,60000,'(NOT)',0,1800000,'2022-08-12',N'Đặt hàng Online',6135097,'NV104')
INSERT INTO HDMuaHang VALUES (60612794,'TK94',2,4200000,'MTGL5',420000,7980000,'2022-08-13',N'Đặt hàng Online',2707660,'NV104')
INSERT INTO HDMuaHang VALUES (60152575,'VB62',40,90000,'XKGR3',180000,3420000,'2022-08-14',N'Trực tiếp',6554920,'NV103')
INSERT INTO HDMuaHang VALUES (30544189,'MB32',10,290000,'(NOT)',0,2900000,'2022-08-15',N'Trực tiếp',4321601,'NV103')
INSERT INTO HDMuaHang VALUES (26923423,'TK93',1,22000000,'MTGL5',1100000,20900000,'2022-08-15',N'Trực tiếp',3797043,'NV103')
INSERT INTO HDMuaHang VALUES (26309503,'VT26',10,110000,'(NOT)',0,1100000,'2022-08-15',N'Đặt hàng Online',2683258,'NV104')
INSERT INTO HDMuaHang VALUES (61793150,'TK96',1,3000000,'(NOT)',0,3000000,'2022-08-16',N'Đặt hàng Online',5464097,'NV104')
INSERT INTO HDMuaHang VALUES (29546052,'VN56',10,50000,'(NOT)',0,500000,'2022-08-16',N'Đặt hàng Online',6251594,'NV104')
INSERT INTO HDMuaHang VALUES (53795148,'VN53',10,250000,'(NOT)',0,2500000,'2022-08-17',N'đặt hàng Online',4524521,'NV104')
INSERT INTO HDMuaHang VALUES (59092622,'VB64',10,230000,'(NOT)',0,2300000,'2022-08-18',N'Trực tiếp',2688185,'NV103')
INSERT INTO HDMuaHang VALUES (50513805,'TK92',2,5000000,'MTGL5',500000,9500000,'2022-08-18',N'Đặt hàng Online',3678943,'NV104')
INSERT INTO HDMuaHang VALUES (39006982,'VT23',10,270000,'(NOT)',0,2700000,'2022-08-18',N'Trực tiếp',4922320,'NV103')
INSERT INTO HDMuaHang VALUES (23587649,'VN51',40,46000,'XKGR3',92000,1748000,'2022-08-19',N'Trực tiếp',4098289,'NV103')
INSERT INTO HDMuaHang VALUES (59447315,'MB34',10,60000,'(NOT)',0,600000,'2022-08-19',N'Trực tiếp',4189195,'NV103')
INSERT INTO HDMuaHang VALUES (49683999,'VT26',20,110000,'(NOT)',0,2200000,'2022-08-19',N'Trực tiếp',6270537,'NV103')
INSERT INTO HDMuaHang VALUES (46828981,'VT25',10,60000,'(NOT)',0,600000,'2022-08-19',N'Trực tiếp',4625094,'NV103')
INSERT INTO HDMuaHang VALUES (62583795,'MB32',10,290000,'(NOT)',0,2900000,'2022-08-21',N'Đặt hàng Online',8674579,'NV104')
INSERT INTO HDMuaHang VALUES (62081970,'VN55',20,500000,'MTGL5',500000,9500000,'2022-08-21',N'Trực tiếp',7657094,'NV103')
INSERT INTO HDMuaHang VALUES (38608607,'TK93',1,22000000,'MTGL5',1100000,20900000,'2022-08-22',N'Đặt hàng Online',3797043,'NV104')
INSERT INTO HDMuaHang VALUES (33575423,'VT25',10,60000,'(NOT)',0,600000,'2022-08-22',N'Đặt hàng Online',4125612,'NV104')
INSERT INTO HDMuaHang VALUES (44388701,'VB62',20,90000,'(NOT)',0,1800000,'2022-08-22',N'Đặt hàng Online',4570457,'NV104')
INSERT INTO HDMuaHang VALUES (27119268,'VB64',20,230000,'(NOT)',0,4600000,'2022-08-23',N'Đặt hàng Online',2807704,'NV104')
INSERT INTO HDMuaHang VALUES (51039116,'VT26',10,110000,'(NOT)',0,1100000,'2022-08-23',N'Đặt hàng Online',3894803,'NV104')
INSERT INTO HDMuaHang VALUES (35668815,'VT23',20,270000,'MTGL5',270000,5130000,'2022-08-23',N'Trực tiếp',7683455,'NV103')
INSERT INTO HDMuaHang VALUES (53788063,'MB33',10,170000,'(NOT)',0,1700000,'2022-08-24',N'Đặt hàng Online',2546576,'NV104')
INSERT INTO HDMuaHang VALUES (43444817,'VB64',10,230000,'(NOT)',0,2300000,'2022-08-24',N'Đặt hàng Online',6094273,'NV104')
INSERT INTO HDMuaHang VALUES (52735313,'TK91',2,25000000,'MTGL5',2500000,47500000,'2022-08-25',N'Đặt hàng Online',4216589,'NV104')
INSERT INTO HDMuaHang VALUES (44128007,'VN55',10,500000,'(NOT)',0,5000000,'2022-08-26',N'Trực tiếp',4345778,'NV103')
INSERT INTO HDMuaHang VALUES (29476615,'VT21',30,50000,'(NOT)',0,1500000,'2022-08-26',N'Trực tiếp',7656325,'NV103')
INSERT INTO HDMuaHang VALUES (40597116,'VB64',10,230000,'(NOT)',0,2300000,'2022-08-27',N'Trực tiếp',5509355,'NV103')
INSERT INTO HDMuaHang VALUES (35616284,'TK95',1,18500000,'MTGL5',925000,17575000,'2022-08-28',N'Trực tiếp',3482309,'NV103')
INSERT INTO HDMuaHang VALUES (47835709,'VT23',10,270000,'(NOT)',0,2700000,'2022-08-29',N'Trực tiếp',3489484,'NV103')
INSERT INTO HDMuaHang VALUES (47087559,'VB62',30,90000,'(NOT)',0,2700000,'2022-08-29',N'Đặt hàng Online',6554920,'NV104')
INSERT INTO HDMuaHang VALUES (38088920,'VN55',10,500000,'(NOT)',0,5000000,'2022-08-29',N'Trực tiếp',4922320,'NV103')
INSERT INTO HDMuaHang VALUES (57229619,'MB31',50,40000,'XKGR3',100000,1900000,'2022-08-30',N'Đặt hàng Online',6309668,'NV104')
INSERT INTO HDMuaHang VALUES (38530756,'VN53',20,250000,'(NOT)',0,5000000,'2022-08-31',N'Đặt hàng Online',4800091,'NV104')
INSERT INTO HDMuaHang VALUES (65285045,'MB32',10,290000,'(NOT)',0,2900000,'2022-08-31',N'Đặt hàng Online',4568787,'NV104')
INSERT INTO HDMuaHang VALUES (33838896,'VN55',10,500000,'(NOT)',0,5000000,'2022-08-31',N'Trực tiếp',2352465,'NV103')

--11. Thêm thông tin vào bảng Hóa đơn xuất hàng.
INSERT INTO BienLai VALUES (5363269,3489484,'0343997252','NV103','2022-08-01')
INSERT INTO BienLai VALUES (6407986,4482643,'0988877564','NV104','2022-08-02')
INSERT INTO BienLai VALUES (7407002,4495467,'0775544122','NV103','2022-08-02')
INSERT INTO BienLai VALUES (8472657,2453467,'0825555555','NV104','2022-08-02')
INSERT INTO BienLai VALUES (7805413,3806033,'0765454351','NV104','2022-08-03')
INSERT INTO BienLai VALUES (3505379,6554920,'0875564287','NV103','2022-08-03')
INSERT INTO BienLai VALUES (4169975,4482643,'0988877564','NV104','2022-08-03')
INSERT INTO BienLai VALUES (4810516,2140846,'0876575643','NV103','2022-08-03')
INSERT INTO BienLai VALUES (8841492,2140846,'0876575643','NV104','2022-08-05')
INSERT INTO BienLai VALUES (5128977,5775202,'0963735812','NV104','2022-08-06')
INSERT INTO BienLai VALUES (5962771,3489484,'0343997252','NV103','2022-08-07')
INSERT INTO BienLai VALUES (8303855,5122143,'0848786367','NV104','2022-08-07')
INSERT INTO BienLai VALUES (5095872,6061169,'0973753748','NV103','2022-08-07')
INSERT INTO BienLai VALUES (4691108,5775202,'0963735812','NV104','2022-08-08')
INSERT INTO BienLai VALUES (5875814,6566556,'0946564245','NV103','2022-08-08')
INSERT INTO BienLai VALUES (7547488,4992392,'0877563426','NV104','2022-08-09')
INSERT INTO BienLai VALUES (7810994,2214639,'0865272514','NV104','2022-08-10')
INSERT INTO BienLai VALUES (4412460,3351323,'0345271682','NV103','2022-08-11')
INSERT INTO BienLai VALUES (2797514,4985482,'0342681828','NV104','2022-08-12')
INSERT INTO BienLai VALUES (3347724,2645706,'0987372378','NV103','2022-08-12')
INSERT INTO BienLai VALUES (4018318,3282176,'0982775728','NV103','2022-08-12')
INSERT INTO BienLai VALUES (3710737,6554920,'0875564287','NV104','2022-08-12')
INSERT INTO BienLai VALUES (8394861,6135097,'0348269497','NV104','2022-08-12')
INSERT INTO BienLai VALUES (6589243,2707660,'0972848382','NV104','2022-08-13')
INSERT INTO BienLai VALUES (2998861,6554920,'0875564287','NV103','2022-08-14')
INSERT INTO BienLai VALUES (4557271,4321601,'0884276462','NV103','2022-08-15')
INSERT INTO BienLai VALUES (7102732,3797043,'0973745284','NV103','2022-08-15')
INSERT INTO BienLai VALUES (4243579,2683258,'0372837483','NV104','2022-08-15')
INSERT INTO BienLai VALUES (6741353,5464097,'0943346565','NV104','2022-08-16')
INSERT INTO BienLai VALUES (3650482,6251594,'0877625942','NV104','2022-08-16')
INSERT INTO BienLai VALUES (2937118,4524521,'0973783823','NV104','2022-08-17')
INSERT INTO BienLai VALUES (4647267,2688185,'0837423828','NV103','2022-08-18')
INSERT INTO BienLai VALUES (7539409,3678943,'0825546578','NV104','2022-08-18')
INSERT INTO BienLai VALUES (3448972,4922320,'0915964585','NV103','2022-08-18')
INSERT INTO BienLai VALUES (7318804,4098289,'0325685755','NV103','2022-08-19')
INSERT INTO BienLai VALUES (8809403,4189195,'0555547156','NV103','2022-08-19')
INSERT INTO BienLai VALUES (7177784,6270537,'0855555442','NV103','2022-08-19')
INSERT INTO BienLai VALUES (4842838,4625094,'0755552203','NV103','2022-08-19')
INSERT INTO BienLai VALUES (6006604,8674579,'0384343455','NV104','2022-08-21')
INSERT INTO BienLai VALUES (8681380,7657094,'0912345432','NV103','2022-08-21')
INSERT INTO BienLai VALUES (3674767,3797043,'0973745284','NV104','2022-08-22')
INSERT INTO BienLai VALUES (3519031,4125612,'0855550499','NV104','2022-08-22')
INSERT INTO BienLai VALUES (4027021,4570457,'0555508246','NV104','2022-08-22')
INSERT INTO BienLai VALUES (6036446,2807704,'0555525539','NV104','2022-08-23')
INSERT INTO BienLai VALUES (3272925,3894803,'0955541989','NV104','2022-08-23')
INSERT INTO BienLai VALUES (6562299,7683455,'0915124454','NV103','2022-08-23')
INSERT INTO BienLai VALUES (5150112,2546576,'0915454523','NV104','2022-08-24')
INSERT INTO BienLai VALUES (3529982,6094273,'0955557958','NV104','2022-08-24')
INSERT INTO BienLai VALUES (7304085,4216589,'0855530139','NV104','2022-08-25')
INSERT INTO BienLai VALUES (8860665,4345778,'0354345454','NV103','2022-08-26')
INSERT INTO BienLai VALUES (3665617,7656325,'0915335454','NV103','2022-08-26')
INSERT INTO BienLai VALUES (2642811,5509355,'0824579453','NV103','2022-08-27')
INSERT INTO BienLai VALUES (2362986,3482309,'0915456731','NV103','2022-08-28')
INSERT INTO BienLai VALUES (7119913,3489484,'0343997252','NV103','2022-08-29')
INSERT INTO BienLai VALUES (4292866,6554920,'0875564287','NV104','2022-08-29')
INSERT INTO BienLai VALUES (4883087,4922320,'0915964585','NV103','2022-08-29')
INSERT INTO BienLai VALUES (7907602,6309668,'0884564432','NV104','2022-08-30')
INSERT INTO BienLai VALUES (2735733,4800091,'0824578953','NV104','2022-08-31')
INSERT INTO BienLai VALUES (7679156,4568787,'0984243544','NV104','2022-08-31')
INSERT INTO BienLai VALUES (6170449,2352465,'0943345458','NV103','2022-08-31')

--12.Thêm thông tin vào bảng Hóa đơn giao hàng.
INSERT INTO HDGiaoHang VALUES (8880010,6407986,'2022-08-03',5000000,N'Âu Dương Diệu Ngọc',N'15 Đặng Văn Ngữ, Phường Chí Thanh, Thừa Thiên Huế')
INSERT INTO HDGiaoHang VALUES (2176245,8472657,'2022-08-03',1900000,N'Nguyễn Đình Toàn',N'184/4 Đặng Văn Ngữ, Phường 14, Quận Thành Thái, Vinh, Nghệ An')
INSERT INTO HDGiaoHang VALUES (6369768,7805413,'2022-08-03',2500000,N'Chử Hồng Phương',N'Lê Văn Sỹ, Phường 14, Quận Phú Nhuận, Hồ Chí Minh')
INSERT INTO HDGiaoHang VALUES (5846921,4169975,'2022-08-03',23750000,N'Âu Dương Diệu Ngọc',N'15 Đặng Văn Ngữ, Phường Chí Thanh, Thừa Thiên Huế')
INSERT INTO HDGiaoHang VALUES (8813107,8841492,'2022-08-03',2500000,N'Cù Hữu Bảo',N'Nguyễn Thần Hiến, Phường 18, Quận 4, Hồ Chí Minh')
INSERT INTO HDGiaoHang VALUES (5804673,5128977,'2022-08-06',9500000,N'Đàm Minh Khang',N'Đường số 63, Phường Tân Quy, Quận 7, Hồ Chí Minh')
INSERT INTO HDGiaoHang VALUES (4802153,8303855,'2022-08-10',1000000,N'Hồ Diễm Hạnh',N'Đường số 4, Phường 16, Quận 8, Hồ Chí Minh')
INSERT INTO HDGiaoHang VALUES (8367933,4691108,'2022-08-10',5700000,N'Đàm Minh Khang',N'Đường số 63, Phường Tân Quy, Quận 7, Hồ Chí Minh')
INSERT INTO HDGiaoHang VALUES (1898975,7547488,'2022-08-10',2375000,N'Kiểu Quốc Hòa',N'7 Thành Thái, Phường 14, Quận 10, Hồ Chí Minh')
INSERT INTO HDGiaoHang VALUES (3367575,7810994,'2022-08-10',4600000,N'Lạc Thanh Toàn',N'56 Thành Thái, Phường 14, Quận 10, Hồ Chí Minh')
INSERT INTO HDGiaoHang VALUES (4114064,2797514,'2022-08-13',1500000,N'Lỗ Đan Linh',N'45 Lê Văn Sỹ, Phường 14, Quận Phú Nhuận, Hồ Chí Minh')
INSERT INTO HDGiaoHang VALUES (5201580,3710737,'2022-08-13',2900000,N'Chương Chiến Thắng',N'75 Đặng Văn Ngữ, Phường 14, Quận Phú Nhuận, Hồ Chí Minh')
INSERT INTO HDGiaoHang VALUES (5581474,8394861,'2022-08-13',1800000,N'Mâu Chi Mai',N'35 Thành Thái, Phường 14, Quận 10, Hồ Chí Minh')
INSERT INTO HDGiaoHang VALUES (8443300,6589243,'2022-08-13',7980000,N'Mộc Minh Thiện',N'Nguyễn Thần Hiến, Phường Lục Châu, Thừa Thiên Huế')
INSERT INTO HDGiaoHang VALUES (3650367,4243579,'2022-08-17',1100000,N'Tông Khắc Thành',N'312 Nguyễn Tất Thành, Phường 18, Quận 10, Hồ Chí Minh')
INSERT INTO HDGiaoHang VALUES (3587472,6741353,'2022-08-17',3000000,N'Trương Tam Phong',N'23 Nguyễn Văn Linh, Bình Chánh, Hồ Chí Minh')
INSERT INTO HDGiaoHang VALUES (7009516,3650482,'2022-08-17',500000,N'Huyện Thanh Quan',N'105 Lê Văn Sỹ, Phường 11, TP. Vũng Tàu, Bà Rịa - Vũng Tàu')
INSERT INTO HDGiaoHang VALUES (3891395,2937118,'2022-08-17',2500000,N'Nguyễn Đình Thi',N'Đoàn Văn Bơ, Phường 18, Quận 4, Hồ Chí Minh')
INSERT INTO HDGiaoHang VALUES (3177583,7539409,'2022-08-20',9500000,N'Văn Chí Sơn',N'43 Nguyễn Tri Phương, Phường 9, Quận 10, Hồ Chí Minh')
INSERT INTO HDGiaoHang VALUES (8558507,6006604,'2022-08-24',2900000,N'Quỳnh Ngọc Văn',N'543 Võ Thị Sáu, Phường 8, Quận 12, Hồ Chí Minh')
INSERT INTO HDGiaoHang VALUES (1966071,3674767,'2022-08-24',20900000,N'Thào Mậu Xuân',N'Nguyễn Tri Phương, Phường 5, Quận 10, Hồ Chí Minh')
INSERT INTO HDGiaoHang VALUES (3537920,3519031,'2022-08-24',600000,N'Huỳnh Diễm Thư',N'112 Đường Nguyễn Tất Thành, Phường 18, Hà Nội')
INSERT INTO HDGiaoHang VALUES (8463835,4027021,'2022-08-24',1800000,N'Quách Chính Thuận',N'533/79 Đường Huỳnh Văn Bánh, Phường 14, Quận Phú Nhuận, Hồ Chí Minh')
INSERT INTO HDGiaoHang VALUES (8307003,6036446,'2022-08-24',4600000,N'Quân Tiêu Dao',N'Đường 10, Phường Tân Thuận Đông, Vinh, Nghệ An')
INSERT INTO HDGiaoHang VALUES (6516854,3272925,'2022-08-24',1100000,N'Trương Tam Phong',N'Đường Nguyễn Tất Thành, Phường 18, Quận 4, Hồ Chí Minh')
INSERT INTO HDGiaoHang VALUES (1838849,5150112,'2022-08-24',1700000,N'Tần Thủy Quốc',N'32 Tô Hiến Thành, Khu đô thị mới Quận 12, Hà Nội')
INSERT INTO HDGiaoHang VALUES (1826472,3529982,'2022-08-24',2300000,N'Nguyễn Bảo Huy',N'671/7 Đường Đoàn Văn Bơ, Phường 18, Quận 4, Hồ Chí Minh')
INSERT INTO HDGiaoHang VALUES (1717418,7304085,'2022-08-27',47500000,N'Chu Thị Thảo',N'452/8 Đường Huỳnh Văn Bánh, Phường 14, Hà Nội')
INSERT INTO HDGiaoHang VALUES (7054944,4292866,'2022-08-31',2700000,N'Chương Chiến Thắng',N'75 Đặng Văn Ngữ, Phường 14, Quận Phú Nhuận, Hồ Chí Minh')
INSERT INTO HDGiaoHang VALUES (7578401,7907602,'2022-08-31',1900000,N'Phạm Thị Liên',N'23 Phố Nguyễn Thiện Thuật, Phường 1, Bình Dương')
INSERT INTO HDGiaoHang VALUES (5749265,2735733,'2022-08-31',5000000,N'Đào Thị Xuân Lộc',N'13A Đường Tôn Thất Thuyết, Phường 18, Vinh, Nghệ An')
INSERT INTO HDGiaoHang VALUES (7429228,7679156,'2022-08-31',2900000,N'Phan Châu Thi',N'32 Đường Phan Đình Phùng, Phường 5, Quảng Ngãi')
alter table HDGiaoHang
add SDT char(10) null;
update HDGiaoHang set SDT='0988877564' where MaBL=6407986
update HDGiaoHang set SDT='0825555555' where MaBL=8472657
update HDGiaoHang set SDT='0765454351' where MaBL=7805413
update HDGiaoHang set SDT='0988877564' where MaBL=4169975
update HDGiaoHang set SDT='0876575643' where MaBL=8841492
update HDGiaoHang set SDT='0963735812' where MaBL=5128977
update HDGiaoHang set SDT='0848786367' where MaBL=8303855
update HDGiaoHang set SDT='0963735812' where MaBL=4691108
update HDGiaoHang set SDT='0877563426' where MaBL=7547488
update HDGiaoHang set SDT='0865272514' where MaBL=7810994
update HDGiaoHang set SDT='0342681828' where MaBL=2797514
update HDGiaoHang set SDT='0875564287' where MaBL=3710737
update HDGiaoHang set SDT='0348269497' where MaBL=8394861
update HDGiaoHang set SDT='0972848382' where MaBL=6589243
update HDGiaoHang set SDT='0372837483' where MaBL=4243579
update HDGiaoHang set SDT='0943346565' where MaBL=6741353
update HDGiaoHang set SDT='0877625942' where MaBL=3650482
update HDGiaoHang set SDT='0884276462' where MaBL=2937118
update HDGiaoHang set SDT='0825546578' where MaBL=7539409
update HDGiaoHang set SDT='0384343455' where MaBL=6006604
update HDGiaoHang set SDT='0973745284' where MaBL=3674767
update HDGiaoHang set SDT='0855550499' where MaBL=3519031
update HDGiaoHang set SDT='0555508246' where MaBL=4027021
update HDGiaoHang set SDT='0555525539' where MaBL=6036446
update HDGiaoHang set SDT='0943346565' where MaBL=3272925
update HDGiaoHang set SDT='0915454523' where MaBL=5150112
update HDGiaoHang set SDT='0955557958' where MaBL=3529982
update HDGiaoHang set SDT='0855530139' where MaBL=7304085
update HDGiaoHang set SDT='0875564287' where MaBL=4292866
update HDGiaoHang set SDT='0884564432' where MaBL=7907602
update HDGiaoHang set SDT='0824578953' where MaBL=2735733
update HDGiaoHang set SDT='0984243544' where MaBL=7679156
select * from NhanVien
select * from NhaCungCap
select * from SanPham
select * from KhachHang
select * from CTKhuyenMai
select * from DSLuuTru
select * from HDGiaoHang
select * from HDMuaHang
select * from HDNhapHang
select * from BienLai
select * from HDXuatKho















